id,country,state,city
1,United States,Georgia,Decatur
2,United States,California,San Francisco
3,United States,Texas,Dallas
4,United States,District of Columbia,Washington
5,United States,Tennessee,Nashville
6,United States,Virginia,Charlottesville
7,United States,Pennsylvania,Bethlehem
8,United States,Indiana,Evansville
9,United States,California,San Diego
10,United States,Virginia,Virginia Beach
11,United States,Florida,Punta Gorda
12,United States,Texas,Houston
13,United States,Pennsylvania,Levittown
14,United States,South Carolina,Columbia
15,United States,Louisiana,New Orleans
16,United States,District of Columbia,Washington
17,United States,Minnesota,Young America
18,United States,Florida,Panama City
19,United States,Florida,Pompano Beach
20,United States,California,San Jose
21,United States,Illinois,Peoria
22,United States,California,San Bernardino
23,United States,Nebraska,Omaha
24,United States,North Carolina,Wilmington
25,United States,Missouri,Springfield
26,United States,Ohio,Mansfield
27,United States,Utah,Salt Lake City
28,United States,New York,New York City
29,United States,Florida,Fort Lauderdale
30,United States,Louisiana,Shreveport
31,United States,Ohio,Toledo
32,United States,California,Glendale
33,United States,New York,Hicksville
34,United States,California,Sacramento
35,United States,Colorado,Colorado Springs
36,United States,Texas,Dallas
37,United States,District of Columbia,Washington
38,United States,Texas,Dallas
39,United States,Washington,Tacoma
40,United States,Michigan,Southfield
41,United States,Tennessee,Memphis
42,United States,Virginia,Norfolk
43,United States,District of Columbia,Washington
44,United States,Arizona,Phoenix
45,United States,District of Columbia,Washington
46,United States,Ohio,Youngstown
47,United States,Texas,Fort Worth
48,United States,Maryland,Ridgely
49,United States,Indiana,Indianapolis
50,United States,Ohio,Dayton
51,United States,District of Columbia,Washington
52,United States,Minnesota,Monticello
53,United States,Iowa,Waterloo
54,United States,West Virginia,Huntington
55,United States,Pennsylvania,Erie
56,United States,Mississippi,Biloxi
57,United States,Minnesota,Saint Cloud
58,United States,Connecticut,New Haven
59,United States,North Carolina,Greensboro
60,United States,California,Fresno
61,United States,Michigan,Kalamazoo
62,United States,New York,New York City
63,United States,Minnesota,Minneapolis
64,United States,Virginia,Roanoke
65,United States,Texas,Dallas
66,United States,West Virginia,Charleston
67,United States,Texas,Arlington
68,United States,Oregon,Portland
69,United States,South Carolina,Greenville
70,United States,Ohio,Columbus
71,United States,Florida,Jacksonville
72,United States,Florida,Cape Coral
73,United States,Texas,Houston
74,United States,Illinois,Chicago
75,United States,Kentucky,Louisville
76,United States,Ohio,Akron
77,United States,Oklahoma,Tulsa
78,United States,Texas,Austin
79,United States,California,San Diego
80,United States,Ohio,Dayton
81,United States,Iowa,Des Moines
82,United States,District of Columbia,Washington
83,United States,Pennsylvania,Reading
84,United States,Colorado,Littleton
85,United States,Pennsylvania,Wilkes Barre
86,United States,Tennessee,Murfreesboro
87,United States,California,San Diego
88,United States,New York,Rochester
89,United States,South Dakota,Sioux Falls
90,United States,Illinois,Chicago
91,United States,Maryland,Baltimore
92,United States,Texas,Dallas
93,United States,Georgia,Atlanta
94,United States,Nebraska,Omaha
95,United States,Connecticut,Bridgeport
96,United States,Tennessee,Knoxville
97,United States,Minnesota,Minneapolis
98,United States,Ohio,Cincinnati
99,United States,Texas,Corpus Christi
100,United States,Texas,Arlington
101,United States,Colorado,Arvada
102,United States,Georgia,Atlanta
103,United States,Indiana,Anderson
104,United States,Louisiana,Alexandria
105,United States,Florida,Fort Lauderdale
106,United States,Texas,Abilene
107,United States,Kansas,Wichita
108,United States,California,Pasadena
109,United States,Mississippi,Biloxi
110,United States,Tennessee,Murfreesboro
111,United States,Hawaii,Honolulu
112,United States,Texas,El Paso
113,United States,Nebraska,Omaha
114,United States,Minnesota,Rochester
115,United States,New York,New York City
116,United States,Texas,Austin
117,United States,New Jersey,Newark
118,United States,Maryland,Hyattsville
119,United States,Washington,Seattle
120,United States,New York,Yonkers
121,United States,Missouri,Kansas City
122,United States,New York,Albany
123,United States,New York,Elmira
124,United States,Illinois,Springfield
125,United States,California,Oakland
126,United States,Utah,Salt Lake City
127,United States,Texas,Arlington
128,United States,California,Fresno
129,United States,Ohio,Hamilton
130,United States,Delaware,Wilmington
131,United States,Tennessee,Nashville
132,United States,Georgia,Alpharetta
133,United States,Minnesota,Saint Paul
134,United States,New York,Rochester
135,United States,Florida,Melbourne
136,United States,Georgia,Macon
137,United States,District of Columbia,Washington
138,United States,Texas,Dallas
139,United States,Texas,Houston
140,United States,Massachusetts,Boston
141,United States,Florida,Clearwater
142,United States,Texas,Houston
143,United States,Arizona,Tucson
144,United States,New York,Brooklyn
145,United States,Illinois,Bloomington
146,United States,Alabama,Mobile
147,United States,Illinois,Chicago
148,United States,Tennessee,Memphis
149,United States,Texas,El Paso
150,United States,Arizona,Tucson
151,United States,Florida,Jacksonville
152,United States,Washington,Vancouver
153,United States,Florida,Punta Gorda
154,United States,Alabama,Tuscaloosa
155,United States,District of Columbia,Washington
156,United States,Florida,Vero Beach
157,United States,Texas,Corpus Christi
158,United States,Kansas,Topeka
159,United States,Washington,Tacoma
160,United States,Alabama,Montgomery
161,United States,Arkansas,Little Rock
162,United States,District of Columbia,Washington
163,United States,California,Los Angeles
164,United States,Colorado,Aurora
165,United States,Illinois,Springfield
166,United States,Maryland,Baltimore
167,United States,Virginia,Richmond
168,United States,New York,Albany
169,United States,Ohio,Youngstown
170,United States,Texas,El Paso
171,United States,Indiana,Crawfordsville
172,United States,District of Columbia,Washington
173,United States,California,Inglewood
174,United States,District of Columbia,Washington
175,United States,Kentucky,Lexington
176,United States,Colorado,Greeley
177,United States,New Jersey,Jersey City
178,United States,District of Columbia,Washington
179,United States,New York,New York City
180,United States,Missouri,Kansas City
181,United States,District of Columbia,Washington
182,United States,Ohio,Columbus
183,United States,Ohio,Cleveland
184,United States,North Carolina,Charlotte
185,United States,Illinois,Chicago
186,United States,Wyoming,Cheyenne
187,United States,North Carolina,Charlotte
188,United States,Minnesota,Saint Paul
189,United States,Colorado,Pueblo
190,United States,Florida,Jacksonville
191,United States,Nevada,North Las Vegas
192,United States,New York,Elmira
193,United States,New York,New York City
194,United States,Ohio,Cincinnati
195,United States,Oklahoma,Oklahoma City
196,United States,California,San Diego
197,United States,District of Columbia,Washington
198,United States,Oklahoma,Oklahoma City
199,United States,California,Concord
200,United States,Kentucky,Alexandria
201,United States,Texas,Austin
202,United States,South Carolina,Spartanburg
203,United States,Virginia,Richmond
204,United States,Michigan,Ann Arbor
205,United States,Oklahoma,Oklahoma City
206,United States,Florida,Naples
207,United States,Utah,Salt Lake City
208,United States,Oklahoma,Tulsa
209,United States,California,Los Angeles
210,United States,Wisconsin,Green Bay
211,United States,California,San Diego
212,United States,Florida,Jacksonville
213,United States,Montana,Helena
214,United States,Kansas,Wichita
215,United States,Tennessee,Nashville
216,United States,Washington,Tacoma
217,United States,Michigan,Farmington
218,United States,Virginia,Arlington
219,United States,Georgia,Macon
220,United States,Alabama,Mobile
221,United States,Texas,Amarillo
222,United States,California,Carlsbad
223,United States,Maryland,Annapolis
224,United States,Nevada,North Las Vegas
225,United States,California,San Diego
226,United States,Florida,Miami Beach
227,United States,Florida,Fort Lauderdale
228,United States,Pennsylvania,Pittsburgh
229,United States,Nevada,Las Vegas
230,United States,District of Columbia,Washington
231,United States,Florida,Jacksonville
232,United States,Maryland,Frederick
233,United States,Missouri,Saint Louis
234,United States,Arizona,Tucson
235,United States,Ohio,Canton
236,United States,Texas,Houston
237,United States,Iowa,Waterloo
238,United States,Minnesota,Saint Paul
239,United States,Delaware,Wilmington
240,United States,Colorado,Denver
241,United States,Minnesota,Saint Paul
242,United States,New Jersey,Trenton
243,United States,Virginia,Arlington
244,United States,California,Hayward
245,United States,California,Los Angeles
246,United States,Maryland,Baltimore
247,United States,New Jersey,Newark
248,United States,Kentucky,Louisville
249,United States,Arizona,Tucson
250,United States,Nebraska,Omaha
251,United States,District of Columbia,Washington
252,United States,Montana,Billings
253,United States,Maryland,Hyattsville
254,United States,Tennessee,Memphis
255,United States,Texas,San Antonio
256,United States,Florida,Lake Worth
257,United States,Wisconsin,Milwaukee
258,United States,Hawaii,Honolulu
259,United States,Kentucky,Louisville
260,United States,California,San Mateo
261,United States,Colorado,Denver
262,United States,California,San Diego
263,United States,New York,Brooklyn
264,United States,Ohio,Toledo
265,United States,Florida,Orlando
266,United States,California,Burbank
267,United States,Texas,Corpus Christi
268,United States,Minnesota,Minneapolis
269,United States,Florida,Miami
270,United States,Michigan,Muskegon
271,United States,Illinois,Schaumburg
272,United States,Alabama,Tuscaloosa
273,United States,Florida,Lake Worth
274,United States,Tennessee,Memphis
275,United States,New Jersey,Elizabeth
276,United States,North Carolina,Winston Salem
277,United States,Florida,Fort Lauderdale
278,United States,West Virginia,Charleston
279,United States,Ohio,Cincinnati
280,United States,West Virginia,Charleston
281,United States,Mississippi,Jackson
282,United States,South Carolina,Charleston
283,United States,Kentucky,Alexandria
284,United States,California,San Jose
285,United States,North Carolina,Greensboro
286,United States,California,Riverside
287,United States,Texas,Fort Worth
288,United States,Illinois,Chicago
289,United States,California,San Jose
290,United States,Washington,Tacoma
291,United States,California,Irvine
292,United States,California,Sacramento
293,United States,Texas,Fort Worth
294,United States,Louisiana,Monroe
295,United States,Texas,Houston
296,United States,Oregon,Portland
297,United States,Texas,Corpus Christi
298,United States,Nevada,Las Vegas
299,United States,Missouri,Jefferson City
300,United States,Minnesota,Minneapolis
301,United States,Oregon,Portland
302,United States,Nebraska,Omaha
303,United States,Virginia,Arlington
304,United States,California,San Francisco
305,United States,California,Anaheim
306,United States,Colorado,Denver
307,United States,California,Anaheim
308,United States,California,Fresno
309,United States,Maryland,Bethesda
310,United States,Washington,Spokane
311,United States,Texas,Denton
312,United States,New York,Albany
313,United States,California,San Jose
314,United States,California,Whittier
315,United States,District of Columbia,Washington
316,United States,Florida,Boca Raton
317,United States,Maryland,Silver Spring
318,United States,Arizona,Tucson
319,United States,Georgia,Atlanta
320,United States,Texas,El Paso
321,United States,Florida,Jacksonville
322,United States,Iowa,Des Moines
323,United States,Louisiana,Metairie
324,United States,Utah,Salt Lake City
325,United States,Georgia,Atlanta
326,United States,Nevada,Las Vegas
327,United States,California,San Jose
328,United States,New York,Buffalo
329,United States,West Virginia,Charleston
330,United States,Tennessee,Knoxville
331,United States,Virginia,Roanoke
332,United States,Florida,Palm Bay
333,United States,Texas,Austin
334,United States,Maryland,Baltimore
335,United States,Pennsylvania,Harrisburg
336,United States,Pennsylvania,Pittsburgh
337,United States,Arizona,Tucson
338,United States,Arizona,Phoenix
339,United States,Indiana,Evansville
340,United States,Pennsylvania,Harrisburg
341,United States,Minnesota,Saint Cloud
342,United States,Massachusetts,Boston
343,United States,Oregon,Eugene
344,United States,District of Columbia,Washington
345,United States,Delaware,Wilmington
346,United States,Virginia,Richmond
347,United States,Texas,Wichita Falls
348,United States,Florida,Tallahassee
349,United States,New York,Great Neck
350,United States,Texas,Dallas
351,United States,Tennessee,Chattanooga
352,United States,Nevada,Carson City
353,United States,Texas,College Station
354,United States,Kansas,Topeka
355,United States,Nevada,Las Vegas
356,United States,Oklahoma,Oklahoma City
357,United States,Nebraska,Omaha
358,United States,Ohio,Mansfield
359,United States,Florida,Saint Petersburg
360,United States,Maryland,Baltimore
361,United States,North Carolina,Charlotte
362,United States,Virginia,Lynchburg
363,United States,Kentucky,Lexington
364,United States,Texas,Killeen
365,United States,Kansas,Topeka
366,United States,Arizona,Apache Junction
367,United States,California,Los Angeles
368,United States,North Dakota,Fargo
369,United States,Florida,Winter Haven
370,United States,Nevada,Las Vegas
371,United States,Massachusetts,Worcester
372,United States,Texas,El Paso
373,United States,Texas,El Paso
374,United States,Minnesota,Minneapolis
375,United States,Indiana,Evansville
376,United States,Connecticut,Waterbury
377,United States,Michigan,Grand Rapids
378,United States,New York,Brooklyn
379,United States,California,Fresno
380,United States,Pennsylvania,Pittsburgh
381,United States,Delaware,Wilmington
382,United States,Texas,El Paso
383,United States,Georgia,Augusta
384,United States,Washington,Spokane
385,United States,New York,Rochester
386,United States,Michigan,Lansing
387,United States,Pennsylvania,Mc Keesport
388,United States,Washington,Tacoma
389,United States,Illinois,Springfield
390,United States,Texas,Dallas
391,United States,Rhode Island,Providence
392,United States,Texas,Dallas
393,United States,Illinois,Chicago
394,United States,Florida,Jacksonville
395,United States,Texas,Dallas
396,United States,Michigan,Flint
397,United States,Texas,Arlington
398,United States,New York,Brooklyn
399,United States,Minnesota,Young America
400,United States,California,Santa Barbara
401,United States,Georgia,Duluth
402,United States,Pennsylvania,Erie
403,United States,Florida,Fort Pierce
404,United States,California,Los Angeles
405,United States,New York,Staten Island
406,United States,Kentucky,Louisville
407,United States,New York,New York City
408,United States,Illinois,Rockford
409,United States,Massachusetts,Woburn
410,United States,Washington,Seattle
411,United States,Florida,Homestead
412,United States,Indiana,Indianapolis
413,United States,Washington,Lakewood
414,United States,Florida,Tallahassee
415,United States,North Carolina,Asheville
416,United States,Missouri,Kansas City
417,United States,Wisconsin,Madison
418,United States,Ohio,Columbus
419,United States,North Carolina,Durham
420,United States,Iowa,Des Moines
421,United States,Nebraska,Omaha
422,United States,Ohio,Columbus
423,United States,Michigan,Kalamazoo
424,United States,Texas,Longview
425,United States,Texas,Lubbock
426,United States,Indiana,Fort Wayne
427,United States,Colorado,Boulder
428,United States,Maryland,Silver Spring
429,United States,Virginia,Arlington
430,United States,Florida,Tampa
431,United States,Florida,Winter Haven
432,United States,California,Sacramento
433,United States,Minnesota,Minneapolis
434,United States,Pennsylvania,Pittsburgh
435,United States,Iowa,Cedar Rapids
436,United States,Pennsylvania,Philadelphia
437,United States,District of Columbia,Washington
438,United States,Ohio,Cincinnati
439,United States,New York,Syracuse
440,United States,California,Los Angeles
441,United States,Virginia,Roanoke
442,United States,Nevada,North Las Vegas
443,United States,Illinois,Chicago
444,United States,California,Santa Barbara
445,United States,Illinois,Naperville
446,United States,Florida,Largo
447,United States,Georgia,Atlanta
448,United States,District of Columbia,Washington
449,United States,California,San Jose
450,United States,Kansas,Topeka
451,United States,Colorado,Boulder
452,United States,Virginia,Richmond
453,United States,New York,Brooklyn
454,United States,Colorado,Denver
455,United States,California,San Francisco
456,United States,California,Los Angeles
457,United States,Tennessee,Chattanooga
458,United States,New York,Rochester
459,United States,Louisiana,Baton Rouge
460,United States,Nevada,Las Vegas
461,United States,Illinois,Chicago
462,United States,Florida,Miami
463,United States,Michigan,Flint
464,United States,California,Irvine
465,United States,New York,New York City
466,United States,Florida,Orlando
467,United States,Washington,Seattle
468,United States,Maryland,Baltimore
469,United States,Pennsylvania,Philadelphia
470,United States,California,Torrance
471,United States,Hawaii,Honolulu
472,United States,Iowa,Des Moines
473,United States,Ohio,Dayton
474,United States,Texas,El Paso
475,United States,Colorado,Pueblo
476,United States,Ohio,Youngstown
477,United States,Georgia,Atlanta
478,United States,Oklahoma,Tulsa
479,United States,New Jersey,Elizabeth
480,United States,California,Santa Monica
481,United States,Texas,El Paso
482,United States,Alabama,Montgomery
483,United States,New Jersey,Trenton
484,United States,Missouri,Saint Louis
485,United States,Pennsylvania,Pittsburgh
486,United States,Kentucky,Lexington
487,United States,California,Bakersfield
488,United States,New York,Buffalo
489,United States,Kansas,Wichita
490,United States,California,San Bernardino
491,United States,California,Ventura
492,United States,Alaska,Anchorage
493,United States,Ohio,Hamilton
494,United States,Texas,Houston
495,United States,District of Columbia,Washington
496,United States,New York,Albany
497,United States,Pennsylvania,Wilkes Barre
498,United States,Maryland,Laurel
499,United States,Ohio,Cleveland
500,United States,Virginia,Virginia Beach
501,United States,Georgia,Columbus
502,United States,Nevada,Las Vegas
503,United States,Maryland,Ridgely
504,United States,Kentucky,Lexington
505,United States,California,San Francisco
506,United States,Nevada,Reno
507,United States,Virginia,Richmond
508,United States,California,Los Angeles
509,United States,Florida,Pinellas Park
510,United States,Pennsylvania,Pittsburgh
511,United States,California,Modesto
512,United States,Pennsylvania,Philadelphia
513,United States,South Carolina,Anderson
514,United States,Virginia,Richmond
515,United States,Alabama,Birmingham
516,United States,Texas,El Paso
517,United States,California,Los Angeles
518,United States,Florida,Tampa
519,United States,Ohio,Youngstown
520,United States,Georgia,Atlanta
521,United States,Georgia,Lawrenceville
522,United States,Alabama,Birmingham
523,United States,Ohio,Akron
524,United States,District of Columbia,Washington
525,United States,Florida,West Palm Beach
526,United States,Tennessee,Chattanooga
527,United States,Missouri,Lees Summit
528,United States,North Carolina,Greensboro
529,United States,California,Inglewood
530,United States,Colorado,Colorado Springs
531,United States,Florida,Jacksonville
532,United States,California,San Jose
533,United States,California,San Francisco
534,United States,Florida,Hollywood
535,United States,Ohio,Cleveland
536,United States,South Carolina,Columbia
537,United States,Colorado,Denver
538,United States,Florida,Tampa
539,United States,New York,New York City
540,United States,South Carolina,Florence
541,United States,Virginia,Alexandria
542,United States,Florida,Jacksonville
543,United States,Arizona,Mesa
544,United States,New York,Buffalo
545,United States,North Carolina,Charlotte
546,United States,District of Columbia,Washington
547,United States,New Jersey,Jersey City
548,United States,North Carolina,High Point
549,United States,Oklahoma,Oklahoma City
550,United States,Indiana,Evansville
551,United States,Ohio,Canton
552,United States,Florida,Clearwater
553,United States,Louisiana,Metairie
554,United States,Oklahoma,Oklahoma City
555,United States,Tennessee,Nashville
556,United States,Illinois,Chicago
557,United States,Kentucky,Louisville
558,United States,Indiana,Evansville
559,United States,Kansas,Topeka
560,United States,Michigan,Detroit
561,United States,Tennessee,Knoxville
562,United States,Florida,Boca Raton
563,United States,Pennsylvania,Philadelphia
564,United States,New Mexico,Albuquerque
565,United States,Maryland,Baltimore
566,United States,Mississippi,Biloxi
567,United States,Virginia,Norfolk
568,United States,Georgia,Atlanta
569,United States,New Mexico,Santa Fe
570,United States,Texas,Houston
571,United States,California,Santa Monica
572,United States,Virginia,Richmond
573,United States,District of Columbia,Washington
574,United States,Kansas,Topeka
575,United States,Kentucky,Louisville
576,United States,Arizona,Glendale
577,United States,Colorado,Littleton
578,United States,California,Pasadena
579,United States,Nebraska,Omaha
580,United States,Michigan,Grand Rapids
581,United States,North Carolina,Charlotte
582,United States,Florida,Zephyrhills
583,United States,Texas,Houston
584,United States,Maryland,Silver Spring
585,United States,Illinois,Chicago
586,United States,Texas,Spring
587,United States,Pennsylvania,Pittsburgh
588,United States,Illinois,Chicago
589,United States,Minnesota,Minneapolis
590,United States,Massachusetts,Boston
591,United States,Florida,Homestead
592,United States,Georgia,Decatur
593,United States,California,Moreno Valley
594,United States,Texas,San Antonio
595,United States,Arizona,Gilbert
596,United States,Florida,Delray Beach
597,United States,Louisiana,Baton Rouge
598,United States,Ohio,Springfield
599,United States,Oklahoma,Oklahoma City
600,United States,Alabama,Montgomery
601,United States,Massachusetts,Newton
602,United States,North Carolina,Winston Salem
603,United States,Michigan,Grand Rapids
604,United States,Texas,Fort Worth
605,United States,Virginia,Norfolk
606,United States,California,Los Angeles
607,United States,Virginia,Roanoke
608,United States,Virginia,Newport News
609,United States,New York,Bronx
610,United States,Illinois,Chicago
611,United States,Illinois,Chicago
612,United States,Pennsylvania,Philadelphia
613,United States,Texas,Houston
614,United States,Indiana,Fort Wayne
615,United States,New York,Syracuse
616,United States,South Dakota,Sioux Falls
617,United States,Mississippi,Jackson
618,United States,Tennessee,Nashville
619,United States,Connecticut,Hartford
620,United States,New Mexico,Albuquerque
621,United States,Oklahoma,Oklahoma City
622,United States,California,Sacramento
623,United States,Arizona,Tucson
624,United States,Florida,Bonita Springs
625,United States,Iowa,Des Moines
626,United States,Alabama,Birmingham
627,United States,California,Pasadena
628,United States,Illinois,Chicago
629,United States,Oklahoma,Tulsa
630,United States,Wisconsin,Milwaukee
631,United States,Florida,Pensacola
632,United States,Illinois,Peoria
633,United States,Connecticut,Hartford
634,United States,Alaska,Anchorage
635,United States,Texas,Houston
636,United States,New York,New York City
637,United States,Georgia,Columbus
638,United States,Nebraska,Lincoln
639,United States,Alabama,Montgomery
640,United States,Oklahoma,Oklahoma City
641,United States,Ohio,Columbus
642,United States,New York,Schenectady
643,United States,New York,New York City
644,United States,Alabama,Montgomery
645,United States,Indiana,Evansville
646,United States,Ohio,Cincinnati
647,United States,Kentucky,Louisville
648,United States,Tennessee,Memphis
649,United States,California,Visalia
650,United States,Washington,Seattle
651,United States,Massachusetts,Boston
652,United States,Connecticut,Hartford
653,United States,New Jersey,Newark
654,United States,Oregon,Eugene
655,United States,Florida,Boynton Beach
656,United States,Minnesota,Maple Plain
657,United States,Texas,El Paso
658,United States,California,San Diego
659,United States,Alabama,Anniston
660,United States,Ohio,Akron
661,United States,Pennsylvania,Pittsburgh
662,United States,Massachusetts,Newton
663,United States,Minnesota,Minneapolis
664,United States,District of Columbia,Washington
665,United States,Arizona,Tucson
666,United States,Texas,San Antonio
667,United States,New York,Buffalo
668,United States,Kentucky,Louisville
669,United States,Ohio,Hamilton
670,United States,Minnesota,Saint Paul
671,United States,Texas,Austin
672,United States,Kentucky,Lexington
673,United States,District of Columbia,Washington
674,United States,New York,Brooklyn
675,United States,Ohio,Youngstown
676,United States,Maryland,Hyattsville
677,United States,Texas,Dallas
678,United States,California,Simi Valley
679,United States,District of Columbia,Washington
680,United States,New York,Brooklyn
681,United States,Florida,Fort Lauderdale
682,United States,Missouri,Saint Louis
683,United States,Michigan,Lansing
684,United States,Colorado,Englewood
685,United States,Florida,Vero Beach
686,United States,Pennsylvania,Philadelphia
687,United States,Ohio,Cleveland
688,United States,Washington,Seattle
689,United States,Illinois,Chicago
690,United States,Texas,Houston
691,United States,Ohio,Cleveland
692,United States,Pennsylvania,Erie
693,United States,New York,New York City
694,United States,Nevada,Las Vegas
695,United States,Georgia,Macon
696,United States,Louisiana,Monroe
697,United States,North Dakota,Fargo
698,United States,California,Van Nuys
699,United States,Ohio,Dayton
700,United States,Oklahoma,Oklahoma City
701,United States,Florida,Miami
702,United States,Iowa,Des Moines
703,United States,Arkansas,Little Rock
704,United States,Tennessee,Memphis
705,United States,Georgia,Alpharetta
706,United States,District of Columbia,Washington
707,United States,California,Fresno
708,United States,New York,Jamaica
709,United States,Texas,Austin
710,United States,Pennsylvania,Bethlehem
711,United States,South Carolina,Aiken
712,United States,Minnesota,Monticello
713,United States,Kansas,Topeka
714,United States,Illinois,Chicago
715,United States,Alaska,Fairbanks
716,United States,Florida,Bradenton
717,United States,Texas,Killeen
718,United States,Tennessee,Chattanooga
719,United States,California,Stockton
720,United States,Florida,Tampa
721,United States,Texas,Gatesville
722,United States,Ohio,Cincinnati
723,United States,California,Oxnard
724,United States,California,Sacramento
725,United States,Oklahoma,Oklahoma City
726,United States,District of Columbia,Washington
727,United States,Florida,Fort Lauderdale
728,United States,Texas,Dallas
729,United States,Florida,Jacksonville
730,United States,Arkansas,Fort Smith
731,United States,Georgia,Atlanta
732,United States,California,Chula Vista
733,United States,Michigan,Detroit
734,United States,Missouri,Kansas City
735,United States,Washington,Vancouver
736,United States,Pennsylvania,Philadelphia
737,United States,Kentucky,Louisville
738,United States,Virginia,Richmond
739,United States,Ohio,Cincinnati
740,United States,New York,Bronx
741,United States,California,Los Angeles
742,United States,Minnesota,Minneapolis
743,United States,Ohio,Columbus
744,United States,Minnesota,Monticello
745,United States,Nevada,Reno
746,United States,California,Santa Monica
747,United States,Nevada,Carson City
748,United States,Florida,Orlando
749,United States,Indiana,Evansville
750,United States,California,Simi Valley
751,United States,Pennsylvania,Pittsburgh
752,United States,Texas,Amarillo
753,United States,Tennessee,Knoxville
754,United States,New York,Schenectady
755,United States,Tennessee,Memphis
756,United States,California,Pasadena
757,United States,Texas,Abilene
758,United States,Massachusetts,Woburn
759,United States,Michigan,Flint
760,United States,Ohio,Cincinnati
761,United States,Florida,Miami Beach
762,United States,New Jersey,Elizabeth
763,United States,Idaho,Meridian
764,United States,Florida,Fort Lauderdale
765,United States,Utah,Salt Lake City
766,United States,Wisconsin,Madison
767,United States,North Carolina,Asheville
768,United States,Virginia,Norfolk
769,United States,Maryland,Rockville
770,United States,Colorado,Denver
771,United States,Louisiana,New Orleans
772,United States,Utah,Salt Lake City
773,United States,Oregon,Eugene
774,United States,Georgia,Decatur
775,United States,Arizona,Tucson
776,United States,Wisconsin,Milwaukee
777,United States,Texas,San Antonio
778,United States,Texas,Dallas
779,United States,Minnesota,Minneapolis
780,United States,North Carolina,Charlotte
781,United States,Texas,Midland
782,United States,Mississippi,Jackson
783,United States,Virginia,Norfolk
784,United States,Ohio,Youngstown
785,United States,Georgia,Savannah
786,United States,Illinois,Chicago
787,United States,Minnesota,Young America
788,United States,Georgia,Atlanta
789,United States,New York,White Plains
790,United States,Kentucky,Louisville
791,United States,Mississippi,Jackson
792,United States,Florida,Fort Myers
793,United States,California,Irvine
794,United States,Georgia,Atlanta
795,United States,Missouri,Kansas City
796,United States,North Carolina,Charlotte
797,United States,Florida,West Palm Beach
798,United States,Pennsylvania,Pittsburgh
799,United States,Massachusetts,Boston
800,United States,Pennsylvania,Philadelphia
801,United States,Kentucky,Louisville
802,United States,Minnesota,Saint Paul
803,United States,Indiana,South Bend
804,United States,New Jersey,Jersey City
805,United States,Arizona,Peoria
806,United States,Kansas,Kansas City
807,United States,Michigan,Battle Creek
808,United States,Texas,San Antonio
809,United States,California,Stockton
810,United States,Texas,Irving
811,United States,Washington,Seattle
812,United States,California,Santa Barbara
813,United States,Pennsylvania,Philadelphia
814,United States,District of Columbia,Washington
815,United States,Kansas,Kansas City
816,United States,New Jersey,New Brunswick
817,United States,Colorado,Denver
818,United States,New York,Rochester
819,United States,North Carolina,Durham
820,United States,South Dakota,Sioux Falls
821,United States,South Dakota,Sioux Falls
822,United States,Washington,Vancouver
823,United States,Florida,Pensacola
824,United States,Michigan,Warren
825,United States,Ohio,Cleveland
826,United States,Georgia,Atlanta
827,United States,Nevada,Las Vegas
828,United States,District of Columbia,Washington
829,United States,Kentucky,Lexington
830,United States,Kentucky,Louisville
831,United States,Indiana,Evansville
832,United States,Florida,Fort Pierce
833,United States,Georgia,Atlanta
834,United States,Texas,El Paso
835,United States,North Carolina,Asheville
836,United States,Texas,Conroe
837,United States,California,Torrance
838,United States,Georgia,Columbus
839,United States,Oklahoma,Edmond
840,United States,Pennsylvania,Philadelphia
841,United States,Maryland,Baltimore
842,United States,Texas,Irving
843,United States,Florida,Pompano Beach
844,United States,Massachusetts,Boston
845,United States,Florida,Tampa
846,United States,Ohio,Cincinnati
847,United States,Virginia,Arlington
848,United States,Oklahoma,Tulsa
849,United States,Idaho,Boise
850,United States,California,Modesto
851,United States,Michigan,Southfield
852,United States,Texas,El Paso
853,United States,California,Los Angeles
854,United States,Ohio,Columbus
855,United States,Idaho,Boise
856,United States,Missouri,Jefferson City
857,United States,Virginia,Richmond
858,United States,Utah,Salt Lake City
859,United States,Nebraska,Lincoln
860,United States,Indiana,Fort Wayne
861,United States,New York,Syracuse
862,United States,Iowa,Des Moines
863,United States,Pennsylvania,Pittsburgh
864,United States,Texas,San Antonio
865,United States,Texas,San Antonio
866,United States,Connecticut,Waterbury
867,United States,Kansas,Topeka
868,United States,Washington,Tacoma
869,United States,Texas,Mesquite
870,United States,Arizona,Phoenix
871,United States,New York,Brooklyn
872,United States,Virginia,Arlington
873,United States,Alabama,Montgomery
874,United States,California,Whittier
875,United States,Texas,Dallas
876,United States,South Dakota,Sioux Falls
877,United States,California,San Diego
878,United States,Iowa,Sioux City
879,United States,Wisconsin,Green Bay
880,United States,Wisconsin,Racine
881,United States,New York,Albany
882,United States,Michigan,Southfield
883,United States,Michigan,Ann Arbor
884,United States,District of Columbia,Washington
885,United States,Georgia,Columbus
886,United States,New York,New York City
887,United States,Texas,Corpus Christi
888,United States,Minnesota,Saint Paul
889,United States,Texas,El Paso
890,United States,California,Fresno
891,United States,Washington,Olympia
892,United States,Texas,Houston
893,United States,Pennsylvania,Philadelphia
894,United States,Nevada,Las Vegas
895,United States,Nevada,Las Vegas
896,United States,Wisconsin,Madison
897,United States,Michigan,Midland
898,United States,Georgia,Duluth
899,United States,West Virginia,Huntington
900,United States,Texas,Dallas
901,United States,Texas,El Paso
902,United States,New Mexico,Albuquerque
903,United States,Idaho,Meridian
904,United States,Florida,Daytona Beach
905,United States,Texas,Lubbock
906,United States,California,Sacramento
907,United States,Texas,Lubbock
908,United States,District of Columbia,Washington
909,United States,West Virginia,Huntington
910,United States,Louisiana,New Orleans
911,United States,Florida,Jacksonville
912,United States,Missouri,Kansas City
913,United States,California,Los Angeles
914,United States,Florida,West Palm Beach
915,United States,California,San Francisco
916,United States,New York,New York City
917,United States,Louisiana,Shreveport
918,United States,New York,Syracuse
919,United States,Wisconsin,Madison
920,United States,California,San Diego
921,United States,Illinois,Chicago
922,United States,Kansas,Wichita
923,United States,Washington,Vancouver
924,United States,Ohio,Cleveland
925,United States,Georgia,Macon
926,United States,Colorado,Pueblo
927,United States,Florida,Tampa
928,United States,New Hampshire,Manchester
929,United States,Texas,Dallas
930,United States,District of Columbia,Washington
931,United States,New Jersey,Trenton
932,United States,Ohio,Cincinnati
933,United States,Nevada,Las Vegas
934,United States,Virginia,Herndon
935,United States,Michigan,Grand Rapids
936,United States,Oregon,Eugene
937,United States,North Carolina,Winston Salem
938,United States,Florida,Jacksonville
939,United States,Connecticut,Fairfield
940,United States,Pennsylvania,Philadelphia
941,United States,Oklahoma,Oklahoma City
942,United States,Alabama,Montgomery
943,United States,Ohio,Cincinnati
944,United States,Alabama,Birmingham
945,United States,North Carolina,Winston Salem
946,United States,Virginia,Arlington
947,United States,California,Sunnyvale
948,United States,Florida,Pensacola
949,United States,Nevada,Las Vegas
950,United States,Nebraska,Lincoln
951,United States,Florida,Pinellas Park
952,United States,Michigan,Detroit
953,United States,California,Stockton
954,United States,District of Columbia,Washington
955,United States,North Carolina,Charlotte
956,United States,California,Long Beach
957,United States,Montana,Missoula
958,United States,Florida,Jacksonville
959,United States,North Carolina,Wilmington
960,United States,Ohio,Dayton
961,United States,Texas,El Paso
962,United States,Texas,El Paso
963,United States,Maryland,Bethesda
964,United States,Arizona,Scottsdale
965,United States,Pennsylvania,Lancaster
966,United States,Alabama,Mobile
967,United States,New York,Albany
968,United States,Nevada,North Las Vegas
969,United States,Tennessee,Memphis
970,United States,New York,New York City
971,United States,Texas,Houston
972,United States,Texas,Humble
973,United States,Georgia,Norcross
974,United States,Washington,Lakewood
975,United States,Florida,Pensacola
976,United States,Florida,Saint Petersburg
977,United States,Washington,Seattle
978,United States,Georgia,Savannah
979,United States,Pennsylvania,Erie
980,United States,Alabama,Birmingham
981,United States,Georgia,Savannah
982,United States,Missouri,Saint Louis
983,United States,Illinois,Rockford
984,United States,Nebraska,Omaha
985,United States,Virginia,Richmond
986,United States,California,Carlsbad
987,United States,Oklahoma,Oklahoma City
988,United States,Kansas,Topeka
989,United States,Maryland,Bethesda
990,United States,Indiana,Fort Wayne
991,United States,Kansas,Wichita
992,United States,Kentucky,Louisville
993,United States,District of Columbia,Washington
994,United States,California,Sacramento
995,United States,New Jersey,Camden
996,United States,New Jersey,Trenton
997,United States,Florida,Miami
998,United States,California,San Jose
999,United States,Louisiana,Baton Rouge
1000,United States,Tennessee,Nashville