id,resale_value,car_type,car_use,car_manufacture_year
1,7750,SUV,Private,2019
2,13070,SUV,Private,2016
3,4800,SUV,Commercial,2019
4,13670,SUV,Commercial,2013
5,11300,SUV,Private,2010
6,6080,SUV,Private,2010
7,7600,Minivan,Commercial,2019
8,8770,Sports Car,Commercial,2006
9,4120,Sports Car,Private,2019
10,13900,Minivan,Private,2012
11,4600,Sports Car,Commercial,2019
12,24660,Panel Truck,Commercial,2006
13,9240,Pickup,Commercial,2012
14,14330,Minivan,Private,2013
15,15990,Minivan,Private,2014
16,25940,Minivan,Private,2013
17,3170,Minivan,Private,2019
18,11330,Sports Car,Commercial,2016
19,11140,SUV,Private,2005
20,30290,Minivan,Private,2013
21,5180,Pickup,Private,2019
22,27170,SUV,Private,2008
23,5430,SUV,Private,2011
24,6030,Minivan,Private,2005
25,5080,Pickup,Commercial,2014
26,20120,Pickup,Private,2019
27,11970,Pickup,Private,2010
28,9830,SUV,Private,2011
29,3260,Minivan,Commercial,2020
30,11620,SUV,Commercial,2016
31,19890,Minivan,Private,2012
32,25460,Pickup,Commercial,2012
33,9420,SUV,Private,2016
34,7200,Pickup,Commercial,2013
35,20640,Minivan,Private,2008
36,22300,Pickup,Commercial,2007
37,5850,Pickup,Commercial,2019
38,20650,SUV,Private,2020
39,25660,Panel Truck,Commercial,2008
40,4210,Minivan,Private,2015
41,7900,SUV,Private,2016
42,19300,Van,Private,2007
43,26330,Pickup,Commercial,2012
44,5470,Sports Car,Private,2014
45,23970,Pickup,Private,2007
46,26750,Panel Truck,Commercial,1996
47,15640,SUV,Commercial,2012
48,16650,SUV,Private,2011
49,10620,Minivan,Commercial,2019
50,4500,Pickup,Private,2013
51,2850,SUV,Commercial,2008
52,4050,Sports Car,Private,2019
53,9060,Pickup,Private,2005
54,6420,Pickup,Commercial,2005
55,7440,Minivan,Private,2014
56,21950,Van,Commercial,2019
57,9370,Sports Car,Commercial,2019
58,13030,Sports Car,Private,2014
59,13910,Minivan,Private,2006
60,12350,Sports Car,Private,2013
61,4100,Minivan,Private,2003
62,16700,Van,Commercial,2019
63,18780,Pickup,Commercial,2013
64,6970,Minivan,Private,2011
65,11770,SUV,Private,2019
66,21070,Minivan,Commercial,2009
67,5820,SUV,Private,2012
68,4700,SUV,Private,2017
69,22740,SUV,Commercial,2010
70,4390,SUV,Private,2019
71,1500,Sports Car,Private,2010
72,12070,Minivan,Private,2010
73,23520,Panel Truck,Commercial,2010
74,11990,Minivan,Commercial,2010
75,16420,Sports Car,Private,2015
76,16500,Van,Private,2019
77,15670,SUV,Private,2011
78,4900,Pickup,Commercial,2004
79,3640,Minivan,Private,2019
80,25280,Panel Truck,Commercial,2009
81,5080,SUV,Private,2019
82,13270,Minivan,Private,2013
83,4700,Minivan,Private,2012
84,13330,SUV,Private,2010
85,12000,SUV,Private,2015
86,10250,Pickup,Commercial,2009
87,13200,SUV,Private,2012
88,9490,Sports Car,Private,2019
89,9120,Pickup,Commercial,2013
90,11640,Minivan,Private,2009
91,22450,Pickup,Commercial,2019
92,14140,SUV,Private,2019
93,6600,Pickup,Commercial,2007
94,18430,SUV,Private,1995
95,10730,SUV,Commercial,2006
96,26370,Panel Truck,Commercial,2020
97,10060,Pickup,Commercial,2015
98,4120,SUV,Private,2014
99,4300,Minivan,Private,2014
100,6380,SUV,Private,2019
101,13120,Minivan,Private,2014
102,29160,Panel Truck,Commercial,1996
103,10570,SUV,Private,2011
104,20950,Pickup,Commercial,2019
105,1500,Sports Car,Private,2019
106,6520,Pickup,Private,2019
107,15610,SUV,Commercial,2019
108,13890,Sports Car,Private,2020
109,19340,Van,Commercial,2003
110,5950,Pickup,Private,2019
111,10260,SUV,Private,2019
112,5020,Pickup,Commercial,2012
113,17340,SUV,Private,2008
114,2340,Minivan,Commercial,2012
115,10890,SUV,Commercial,2011
116,12860,Minivan,Commercial,2019
117,15110,Minivan,Private,2019
118,16150,SUV,Commercial,2015
119,15090,Minivan,Private,2010
120,17230,Minivan,Private,2011
121,7440,SUV,Commercial,2016
122,2440,Sports Car,Private,2019
123,4300,SUV,Private,2010
124,15400,SUV,Commercial,2011
125,8790,Minivan,Private,2019
126,21330,SUV,Commercial,2019
127,9890,Pickup,Commercial,2015
128,18600,SUV,Private,2012
129,11920,Pickup,Commercial,2019
130,14820,Minivan,Private,2009
131,2950,Sports Car,Private,2019
132,4500,SUV,Private,2011
133,5830,SUV,Private,2012
134,16250,Van,Commercial,2012
135,4300,Minivan,Private,2013
136,11040,Minivan,Commercial,2014
137,10830,SUV,Private,2019
138,19240,Pickup,Commercial,2010
139,18870,Van,Commercial,2019
140,13150,Minivan,Private,2019
141,7530,SUV,Private,2013
142,21820,Sports Car,Commercial,2013
143,6930,Pickup,Private,2010
144,23840,SUV,Commercial,2011
145,3870,SUV,Private,2019
146,20120,Van,Commercial,2013
147,19900,Van,Private,2014
148,8030,Pickup,Commercial,2011
149,5760,Minivan,Private,2010
150,17470,SUV,Private,2019
151,1500,SUV,Commercial,2014
152,13720,Minivan,Private,2012
153,6100,Minivan,Private,2019
154,18250,SUV,Commercial,2011
155,21830,Van,Private,2014
156,2470,Minivan,Private,2019
157,4600,Sports Car,Commercial,2006
158,7920,Sports Car,Private,2012
159,7090,Pickup,Private,2015
160,10890,SUV,Private,2019
161,8900,SUV,Commercial,2019
162,6370,Pickup,Private,2016
163,18820,SUV,Private,2020
164,17190,Van,Commercial,2012
165,23270,Minivan,Commercial,2011
166,11980,SUV,Private,2011
167,20130,Minivan,Private,2019
168,7850,Pickup,Private,2020
169,13430,Minivan,Private,1996
170,5750,Sports Car,Commercial,2010
171,7290,Minivan,Private,2019
172,9280,SUV,Private,2012
173,8690,SUV,Commercial,2019
174,9150,Pickup,Commercial,2019
175,22790,Minivan,Private,2004
176,23560,Pickup,Commercial,2011
177,18980,SUV,Commercial,2019
178,5110,SUV,Private,2013
179,3600,Minivan,Commercial,2019
180,15360,Minivan,Private,2019
181,24280,Panel Truck,Commercial,2019
182,5480,Minivan,Private,2019
183,11690,SUV,Private,2014
184,4600,Sports Car,Private,2017
185,1500,SUV,Private,2019
186,15130,Minivan,Private,2019
187,9220,SUV,Private,2004
188,10130,Pickup,Commercial,2016
189,5510,Pickup,Commercial,2019
190,15080,SUV,Private,2004
191,23860,Panel Truck,Commercial,2006
192,18060,SUV,Private,2013
193,9150,SUV,Commercial,2013
194,18820,Minivan,Private,2019
195,11190,Pickup,Private,2011
196,7910,SUV,Private,2019
197,23690,Panel Truck,Commercial,2020
198,16820,Van,Commercial,2020
199,6810,SUV,Private,2007
200,4500,Sports Car,Private,2019
201,4900,SUV,Private,2014
202,7750,Minivan,Private,2012
203,4500,Pickup,Private,2003
204,20180,Van,Commercial,2015
205,8550,Sports Car,Private,2011
206,4600,Pickup,Private,2012
207,20770,Van,Private,2019
208,10270,SUV,Private,2011
209,4000,Minivan,Private,2019
210,7560,Sports Car,Private,2013
211,16910,SUV,Private,2008
212,14460,SUV,Commercial,2011
213,11770,SUV,Private,2013
214,6130,SUV,Private,2019
215,23460,Minivan,Private,2019
216,8810,Sports Car,Private,2010
217,26220,Minivan,Commercial,2019
218,3480,Sports Car,Private,2020
219,1500,Sports Car,Private,2013
220,1500,Sports Car,Private,2004
221,1500,Minivan,Commercial,2020
222,14460,SUV,Private,2019
223,8750,Minivan,Private,2009
224,27470,Pickup,Commercial,2011
225,3700,Sports Car,Private,2014
226,20610,Van,Commercial,2013
227,32820,Van,Commercial,2019
228,10380,Minivan,Private,1999
229,23910,Panel Truck,Commercial,2008
230,31520,Minivan,Commercial,2009
231,7210,SUV,Private,2012
232,4700,SUV,Private,2020
233,4500,SUV,Commercial,2012
234,10730,Minivan,Private,2019
235,10870,Sports Car,Private,2008
236,10580,Pickup,Commercial,2019
237,4600,Pickup,Private,2020
238,12520,Minivan,Private,2007
239,13640,Minivan,Private,2019
240,22470,Minivan,Commercial,2013
241,5820,Pickup,Private,2016
242,9750,SUV,Commercial,2011
243,15420,SUV,Private,2019
244,4750,SUV,Private,2011
245,5170,Sports Car,Private,2020
246,10280,Pickup,Private,2019
247,5980,SUV,Commercial,2010
248,1500,Minivan,Commercial,2012
249,15370,Sports Car,Private,2014
250,23010,SUV,Private,2019
251,14890,Minivan,Commercial,2011
252,22550,Minivan,Commercial,2019
253,3800,SUV,Private,2015
254,17850,Sports Car,Commercial,2019
255,6440,SUV,Private,2014
256,15550,SUV,Private,2019
257,7270,SUV,Private,2019
258,3870,Minivan,Private,2012
259,4700,Pickup,Commercial,2019
260,22500,Pickup,Commercial,2006
261,9930,Sports Car,Private,2010
262,11100,SUV,Private,2019
263,16980,Sports Car,Commercial,2019
264,16320,Van,Commercial,2019
265,26940,Panel Truck,Commercial,2019
266,16440,Minivan,Private,2007
267,17720,Van,Private,2012
268,17420,SUV,Private,2013
269,16370,Sports Car,Private,2007
270,6460,SUV,Private,2004
271,10350,SUV,Private,2019
272,20920,Van,Commercial,2012
273,3800,Minivan,Commercial,2019
274,19340,Van,Private,2001
275,20090,Van,Commercial,2019
276,9140,Sports Car,Private,2019
277,12400,Minivan,Private,2019
278,4850,Pickup,Commercial,2019
279,7960,Pickup,Private,2013
280,10070,Minivan,Private,2020
281,15850,Sports Car,Private,2014
282,7130,Pickup,Commercial,2019
283,12350,SUV,Private,2019
284,13950,SUV,Commercial,2012
285,5120,SUV,Commercial,2012
286,30470,Panel Truck,Commercial,2006
287,9560,Minivan,Commercial,2019
288,8310,SUV,Commercial,2019
289,22430,Pickup,Commercial,2019
290,18850,SUV,Commercial,2011
291,15620,Minivan,Private,1997
292,4900,Pickup,Commercial,2014
293,18010,Van,Commercial,2011
294,4100,Minivan,Private,2012
295,15160,Minivan,Private,2019
296,11550,Pickup,Commercial,2019
297,14460,SUV,Private,2012
298,1500,Minivan,Private,2014
299,21860,SUV,Private,2012
300,8260,SUV,Commercial,2019
301,11730,SUV,Commercial,2014
302,13790,Pickup,Private,2016
303,20280,Minivan,Commercial,2019
304,8760,Minivan,Commercial,2019
305,10420,Pickup,Commercial,2018
306,13330,SUV,Commercial,2011
307,14750,SUV,Private,2019
308,4600,SUV,Commercial,2020
309,24490,Pickup,Commercial,2013
310,10600,Pickup,Commercial,2008
311,1980,Minivan,Private,2019
312,9620,SUV,Private,2019
313,5640,Sports Car,Private,2019
314,8780,Pickup,Private,2019
315,1500,Sports Car,Private,2013
316,26980,Panel Truck,Commercial,2017
317,11180,SUV,Private,2009
318,14390,Minivan,Private,2003
319,31460,Panel Truck,Commercial,2014
320,6190,SUV,Private,2014
321,9710,Pickup,Commercial,2007
322,19410,Van,Commercial,2020
323,3830,Minivan,Commercial,2008
324,20900,SUV,Private,2008
325,7080,Sports Car,Private,2009
326,8370,Minivan,Commercial,2007
327,23900,Minivan,Private,2016
328,24560,SUV,Commercial,2019
329,11450,Pickup,Commercial,2007
330,24340,Pickup,Commercial,2016
331,6440,SUV,Private,2011
332,22200,SUV,Commercial,2009
333,13250,Minivan,Private,2019
334,10160,Pickup,Private,2019
335,23400,Panel Truck,Commercial,2019
336,13290,Sports Car,Private,2019
337,6830,SUV,Private,2019
338,33610,Panel Truck,Commercial,2019
339,16700,SUV,Private,2012
340,11480,Minivan,Private,2019
341,9550,SUV,Private,2007
342,26670,Sports Car,Private,2019
343,10190,SUV,Private,2012
344,27870,Panel Truck,Commercial,2010
345,19040,SUV,Private,2012
346,16680,Van,Private,2009
347,7330,Pickup,Private,2012
348,19720,Van,Private,2019
349,28600,Panel Truck,Commercial,2019
350,11840,Sports Car,Commercial,2011
351,6140,Minivan,Private,2019
352,26020,Pickup,Private,2014
353,26480,Panel Truck,Commercial,2019
354,31560,Minivan,Private,2011
355,12490,SUV,Private,2014
356,16060,Minivan,Private,2002
357,18170,Minivan,Commercial,2019
358,18640,Van,Commercial,2020
359,14790,Minivan,Private,2019
360,5730,SUV,Private,2014
361,6240,SUV,Private,2014
362,1500,Sports Car,Private,2016
363,7750,SUV,Private,2019
364,4300,Sports Car,Private,2014
365,4100,Sports Car,Commercial,2014
366,4800,Pickup,Commercial,2014
367,11360,Sports Car,Private,2019
368,12780,Pickup,Commercial,2020
369,2670,Minivan,Private,2007
370,4400,Sports Car,Private,2003
371,21760,Van,Commercial,2019
372,10510,Pickup,Private,2019
373,12710,Minivan,Private,2019
374,6350,SUV,Private,2019
375,8190,SUV,Private,2007
376,13950,Sports Car,Private,2013
377,8830,Sports Car,Private,2019
378,6780,SUV,Private,2012
379,25390,Sports Car,Private,2019
380,5810,Pickup,Commercial,2019
381,20150,Sports Car,Private,2019
382,27240,Panel Truck,Commercial,2013
383,18160,Van,Commercial,2003
384,13410,SUV,Private,2011
385,9930,Minivan,Private,2012
386,12470,Minivan,Private,2015
387,11780,SUV,Private,2013
388,8900,Sports Car,Commercial,2019
389,19000,Minivan,Commercial,2012
390,12180,Pickup,Private,2009
391,20570,Pickup,Commercial,2011
392,9690,SUV,Commercial,2019
393,13330,SUV,Private,2014
394,7760,SUV,Private,2019
395,21600,Van,Private,2013
396,24560,Minivan,Commercial,2012
397,21230,Van,Commercial,2019
398,27790,Panel Truck,Commercial,2014
399,4500,Pickup,Commercial,2000
400,6760,SUV,Private,2019
401,1500,Sports Car,Commercial,2013
402,23250,Pickup,Private,2014
403,4000,Sports Car,Private,2012
404,19470,Pickup,Commercial,2010
405,8700,Pickup,Commercial,2019
406,12240,Minivan,Private,2003
407,5390,SUV,Private,2013
408,20480,Van,Private,2005
409,7760,SUV,Private,2009
410,23590,Panel Truck,Commercial,2001
411,21550,Minivan,Commercial,2008
412,8150,Sports Car,Private,2019
413,16330,SUV,Private,2020
414,25450,Panel Truck,Commercial,2020
415,9430,SUV,Private,2019
416,29510,Pickup,Private,2019
417,7220,Sports Car,Private,2019
418,14190,Minivan,Private,2004
419,8210,Pickup,Commercial,2019
420,8240,Pickup,Commercial,2019
421,6770,SUV,Private,2012
422,16830,SUV,Private,2005
423,4600,Minivan,Commercial,2015
424,7200,Sports Car,Private,2012
425,16060,SUV,Private,2007
426,18370,Van,Commercial,2012
427,13560,Minivan,Private,2012
428,8710,SUV,Commercial,2019
429,29190,Panel Truck,Commercial,2012
430,2600,SUV,Private,2019
431,7230,SUV,Private,2008
432,20630,SUV,Commercial,2019
433,1730,Minivan,Private,2012
434,19690,Pickup,Private,2019
435,20120,Van,Private,2019
436,18380,SUV,Private,2006
437,29980,Panel Truck,Commercial,2014
438,5200,Sports Car,Commercial,2019
439,8900,SUV,Commercial,2019
440,19680,Van,Commercial,2011
441,10820,SUV,Private,2007
442,14300,Minivan,Private,2009
443,16080,Pickup,Private,2019
444,4630,Minivan,Private,2016
445,20760,SUV,Private,2014
446,21640,Minivan,Private,2008
447,32370,Panel Truck,Commercial,2009
448,24690,Panel Truck,Commercial,2019
449,9030,SUV,Private,2019
450,6190,Pickup,Commercial,2019
451,10260,SUV,Commercial,2016
452,1500,Minivan,Commercial,2014
453,26350,Pickup,Commercial,2015
454,4100,SUV,Private,2013
455,2190,SUV,Private,2011
456,5000,Sports Car,Private,2019
457,13690,Minivan,Private,2020
458,1500,SUV,Private,2019
459,10030,SUV,Private,2019
460,4200,Minivan,Private,2020
461,10150,Minivan,Commercial,2019
462,22420,Van,Private,2007
463,17650,Sports Car,Private,2019
464,7950,Pickup,Private,2014
465,29080,Minivan,Private,2020
466,21160,SUV,Commercial,2009
467,17630,SUV,Private,2020
468,10960,Pickup,Commercial,2013
469,9360,Sports Car,Private,2019
470,13980,Minivan,Private,2013
471,30810,Panel Truck,Commercial,2011
472,8820,Pickup,Commercial,2019
473,9130,Sports Car,Commercial,2019
474,20510,Sports Car,Commercial,2012
475,14280,SUV,Private,2012
476,7140,SUV,Private,2013
477,15210,Minivan,Private,2019
478,11280,SUV,Private,2006
479,2930,Minivan,Private,2019
480,8550,SUV,Private,2019
481,8850,Pickup,Private,2010
482,17800,Sports Car,Private,2015
483,4200,Sports Car,Commercial,2019
484,4800,SUV,Private,2019
485,32090,Pickup,Commercial,2019
486,6180,Minivan,Private,2019
487,4800,SUV,Private,2019
488,21920,Van,Commercial,2010
489,8130,Pickup,Commercial,2019
490,15950,SUV,Commercial,2011
491,7280,Minivan,Private,2012
492,28180,Van,Commercial,2016
493,24610,Pickup,Commercial,2011
494,27160,Minivan,Private,2019
495,19080,Van,Commercial,2020
496,11420,SUV,Private,2007
497,18770,SUV,Private,2012
498,4200,SUV,Private,2019
499,7640,Sports Car,Private,2019
500,16200,Pickup,Commercial,2019
501,14660,SUV,Private,2014
502,29220,Minivan,Private,2010
503,16510,Minivan,Private,2001
504,2530,Sports Car,Private,2019
505,18160,Minivan,Private,2011
506,12680,Minivan,Private,2013
507,8320,SUV,Private,2015
508,18730,Van,Commercial,2013
509,10160,SUV,Private,2019
510,10750,SUV,Private,2011
511,13180,SUV,Private,2014
512,9070,SUV,Private,2019
513,4600,Pickup,Commercial,2013
514,4800,Sports Car,Commercial,2020
515,14380,Minivan,Private,2020
516,18960,Minivan,Private,2010
517,25380,Panel Truck,Commercial,2015
518,17120,Sports Car,Private,2011
519,13140,Pickup,Private,2010
520,33100,Pickup,Private,2012
521,6790,Sports Car,Commercial,2013
522,19530,Van,Private,2008
523,19910,SUV,Commercial,2012
524,12710,Minivan,Private,2015
525,1500,SUV,Private,2015
526,29840,Minivan,Commercial,2013
527,13000,SUV,Private,2009
528,7100,Sports Car,Private,2020
529,13450,Minivan,Private,2011
530,6550,Pickup,Private,2015
531,14580,SUV,Commercial,2011
532,22200,Pickup,Commercial,2019
533,4300,Minivan,Private,2019
534,7860,SUV,Private,2005
535,6890,Sports Car,Private,2020
536,14900,SUV,Commercial,2012
537,4200,Minivan,Commercial,2020
538,4100,Minivan,Commercial,2019
539,12790,Minivan,Private,2002
540,16500,Minivan,Private,2014
541,15260,Minivan,Commercial,2019
542,4500,SUV,Private,2019
543,17760,Van,Commercial,2002
544,31040,Panel Truck,Commercial,2019
545,12770,Minivan,Private,2019
546,3900,SUV,Private,2004
547,7800,SUV,Private,2012
548,4400,Minivan,Private,2013
549,11890,SUV,Commercial,2011
550,4600,Minivan,Private,2011
551,13070,Minivan,Private,2006
552,6230,SUV,Private,2015
553,4600,Pickup,Commercial,2019
554,20570,SUV,Private,2011
555,13140,Sports Car,Private,2016
556,5470,SUV,Private,2011
557,9990,SUV,Private,2019
558,17920,Van,Commercial,2019
559,6840,SUV,Commercial,2019
560,3900,SUV,Private,2020
561,19460,SUV,Commercial,2007
562,29390,Pickup,Private,2000
563,11500,Minivan,Private,2019
564,3100,Sports Car,Private,2015
565,4950,SUV,Private,2014
566,3540,SUV,Private,2019
567,6880,SUV,Private,2019
568,8620,SUV,Private,2011
569,16670,Sports Car,Commercial,2011
570,4700,Pickup,Commercial,2011
571,4800,SUV,Commercial,2020
572,17670,Minivan,Private,2011
573,21180,SUV,Private,2009
574,14010,SUV,Private,2010
575,4270,Minivan,Private,2009
576,4800,Pickup,Commercial,2014
577,3700,Minivan,Private,2019
578,3170,Sports Car,Private,2019
579,2500,SUV,Private,2014
580,5930,Sports Car,Private,2009
581,15300,Minivan,Private,2012
582,16690,Minivan,Private,2013
583,10120,SUV,Private,2012
584,12580,Minivan,Private,2019
585,22330,Van,Commercial,2019
586,8700,SUV,Commercial,2019
587,7320,Minivan,Commercial,2013
588,9360,Pickup,Commercial,2013
589,4780,SUV,Private,2014
590,5080,Sports Car,Private,2019
591,23220,SUV,Private,2020
592,9310,Pickup,Commercial,2011
593,7940,Sports Car,Private,2011
594,13620,Minivan,Commercial,2020
595,19500,Van,Private,2005
596,15010,Minivan,Private,2020
597,13420,Minivan,Private,2016
598,25980,Minivan,Private,2009
599,7840,SUV,Private,2019
600,13950,Minivan,Private,2007
601,15050,SUV,Private,2018
602,9760,SUV,Private,2009
603,22540,Sports Car,Private,2011
604,5800,SUV,Private,2020
605,29200,Pickup,Private,2015
606,15440,Minivan,Commercial,2019
607,4480,Pickup,Commercial,2019
608,10610,SUV,Private,2019
609,8230,Sports Car,Private,2013
610,33490,Sports Car,Private,2012
611,15840,Sports Car,Private,2020
612,24630,Panel Truck,Commercial,2015
613,22340,Sports Car,Commercial,2019
614,19960,Pickup,Private,2019
615,4290,Sports Car,Private,2014
616,13920,Minivan,Private,2009
617,23660,Panel Truck,Commercial,2012
618,21410,SUV,Private,2010
619,22490,Van,Commercial,2020
620,20360,Minivan,Private,2005
621,17930,SUV,Private,2003
622,34880,SUV,Private,2011
623,22140,Minivan,Private,2020
624,11900,SUV,Private,2019
625,23160,SUV,Commercial,2008
626,5810,Minivan,Private,2010
627,10740,SUV,Private,2019
628,4900,Sports Car,Private,2010
629,6170,SUV,Private,2019
630,6050,Pickup,Private,2015
631,15870,Minivan,Private,2014
632,9440,Sports Car,Private,2010
633,8450,Sports Car,Private,2019
634,11410,SUV,Private,2019
635,21140,SUV,Private,2011
636,1500,Minivan,Private,2019
637,8040,SUV,Private,2019
638,32880,Minivan,Private,2004
639,3900,Minivan,Commercial,2014
640,29990,Minivan,Private,2019
641,11810,Pickup,Commercial,2012
642,10730,SUV,Private,2019
643,4700,Sports Car,Private,2009
644,15090,Minivan,Commercial,2015
645,8800,Pickup,Commercial,2011
646,21200,Minivan,Private,2017
647,27960,Panel Truck,Commercial,2019
648,9050,Pickup,Private,2019
649,32510,Pickup,Private,2012
650,1500,SUV,Private,2013
651,4400,Minivan,Commercial,2019
652,24710,Pickup,Commercial,2007
653,29620,Pickup,Commercial,2019
654,5410,SUV,Private,2019
655,17330,Minivan,Private,2013
656,14980,Minivan,Commercial,2020
657,10430,Pickup,Private,2009
658,12740,Minivan,Private,2012
659,10680,SUV,Private,2006
660,22330,Pickup,Commercial,2019
661,10950,Sports Car,Commercial,2019
662,16830,Van,Commercial,2008
663,3320,Minivan,Commercial,2012
664,13900,Minivan,Commercial,2012
665,7810,Sports Car,Private,2014
666,17350,SUV,Private,2015
667,10080,Sports Car,Private,2009
668,17750,Van,Commercial,2012
669,11320,Sports Car,Private,2020
670,19250,SUV,Private,2015
671,21160,SUV,Private,2004
672,17010,SUV,Private,2010
673,22720,Panel Truck,Commercial,2011
674,13320,Minivan,Private,2008
675,28600,Panel Truck,Commercial,2019
676,20960,Minivan,Private,2019
677,17360,Minivan,Private,2019
678,12300,SUV,Private,2008
679,1500,SUV,Private,2019
680,3680,SUV,Private,2014
681,1720,SUV,Private,2019
682,6640,SUV,Private,2015
683,18020,Minivan,Commercial,2019
684,8880,SUV,Private,2014
685,8930,SUV,Commercial,2019
686,10700,Minivan,Private,2019
687,6650,Pickup,Commercial,2014
688,4600,Pickup,Private,2019
689,10050,Minivan,Private,2019
690,9040,Minivan,Private,2010
691,7160,SUV,Private,2010
692,4700,SUV,Private,2014
693,16280,SUV,Private,1999
694,22810,Pickup,Private,2019
695,16110,Minivan,Private,2019
696,18960,Minivan,Private,2009
697,12500,Minivan,Private,2019
698,29470,Pickup,Private,2019
699,9780,Sports Car,Private,2013
700,9010,Pickup,Commercial,2010
701,9540,SUV,Private,2019
702,6720,Sports Car,Commercial,2014
703,18260,Van,Commercial,2010
704,3980,Sports Car,Private,2014
705,11520,Pickup,Private,1999
706,10900,Pickup,Commercial,2012
707,10750,SUV,Private,2019
708,10800,SUV,Private,2019
709,4700,Sports Car,Commercial,2011
710,20430,Sports Car,Commercial,2019
711,3680,SUV,Private,2011
712,4800,Sports Car,Commercial,2009
713,6210,SUV,Private,2007
714,24690,Minivan,Private,2010
715,4500,SUV,Commercial,2012
716,3900,SUV,Private,2019
717,5510,Sports Car,Private,2019
718,11660,SUV,Commercial,2011
719,4200,Sports Car,Private,2014
720,13420,Minivan,Private,2015
721,8490,Minivan,Private,2019
722,9640,Sports Car,Private,2012
723,20310,SUV,Private,2011
724,6640,Sports Car,Commercial,2012
725,6360,Minivan,Private,2015
726,4500,Pickup,Private,2010
727,3790,Sports Car,Private,2015
728,6780,Pickup,Commercial,2013
729,3500,SUV,Private,2002
730,11890,Minivan,Private,2010
731,6240,Minivan,Private,2019
732,10130,Pickup,Private,2020
733,13710,Pickup,Commercial,2006
734,37720,Panel Truck,Commercial,2019
735,13380,Minivan,Private,2007
736,6640,SUV,Private,2019
737,8620,Pickup,Commercial,2019
738,12180,SUV,Private,2012
739,14720,SUV,Private,2020
740,1500,Sports Car,Private,2014
741,17970,Minivan,Private,2012
742,4200,Sports Car,Commercial,2014
743,18820,Pickup,Private,2000
744,25720,Pickup,Commercial,2007
745,14420,Minivan,Commercial,2011
746,5430,SUV,Private,2015
747,3340,Sports Car,Private,2015
748,4990,SUV,Private,2012
749,3180,Sports Car,Private,2007
750,11100,SUV,Private,2006
751,15100,SUV,Private,2008
752,22640,Sports Car,Commercial,2019
753,7740,Sports Car,Private,2019
754,31510,Panel Truck,Commercial,2019
755,8010,Sports Car,Private,2009
756,11700,SUV,Private,2004
757,12770,Minivan,Private,2013
758,1500,SUV,Private,2020
759,10650,SUV,Private,2012
760,11670,Pickup,Private,2002
761,12720,Minivan,Private,2020
762,5320,Sports Car,Private,2014
763,9210,SUV,Private,2019
764,12360,Minivan,Private,1996
765,18040,Van,Private,2020
766,7040,Sports Car,Private,2019
767,10590,SUV,Private,2009
768,4700,SUV,Private,2019
769,9360,SUV,Commercial,2014
770,6990,Pickup,Private,2016
771,7180,SUV,Private,2013
772,12200,Pickup,Private,2019
773,5850,Pickup,Commercial,2008
774,19210,Van,Commercial,2013
775,10490,Sports Car,Private,2009
776,11630,SUV,Private,2019
777,4500,Minivan,Private,2019
778,29230,Panel Truck,Commercial,2010
779,9250,SUV,Commercial,2019
780,10110,Pickup,Commercial,2019
781,15580,Minivan,Private,2019
782,36480,Sports Car,Private,2004
783,10150,SUV,Private,2013
784,12470,Minivan,Commercial,2015
785,7950,Pickup,Commercial,2014
786,22210,Minivan,Commercial,2011
787,21390,Van,Private,2019
788,4380,SUV,Private,2004
789,15440,Minivan,Commercial,2020
790,4700,SUV,Commercial,2019
791,12940,Minivan,Private,2013
792,10780,Pickup,Private,2002
793,19430,Van,Commercial,2013
794,16780,SUV,Private,2005
795,14330,SUV,Private,2019
796,4600,Pickup,Commercial,2014
797,8550,SUV,Private,2019
798,16810,Van,Commercial,2019
799,14620,SUV,Private,2006
800,13240,Minivan,Commercial,2015
801,8450,Pickup,Commercial,2019
802,10400,Pickup,Commercial,2007
803,6610,Pickup,Commercial,2019
804,5000,Pickup,Private,2010
805,8510,Sports Car,Commercial,2012
806,13410,SUV,Commercial,2019
807,9750,Pickup,Commercial,2010
808,11650,Sports Car,Private,2019
809,12930,Sports Car,Private,2013
810,20040,Van,Private,2008
811,5750,Sports Car,Private,2011
812,28710,Panel Truck,Commercial,2012
813,17700,Minivan,Commercial,2014
814,22680,Panel Truck,Commercial,2005
815,4500,Pickup,Commercial,2011
816,23410,Pickup,Commercial,2019
817,13810,Sports Car,Commercial,2019
818,16890,Sports Car,Private,2014
819,8190,Sports Car,Private,2017
820,22520,Minivan,Private,2019
821,22000,Van,Commercial,2013
822,6380,Sports Car,Private,2010
823,9980,Minivan,Private,2019
824,15810,Minivan,Private,2010
825,10620,Minivan,Private,2008
826,4800,Pickup,Commercial,2019
827,6390,Sports Car,Private,2019
828,4600,SUV,Commercial,2009
829,10440,Pickup,Commercial,2012
830,1590,Minivan,Private,2015
831,19670,Minivan,Private,2019
832,23610,SUV,Private,2019
833,12200,Pickup,Commercial,2013
834,6750,Pickup,Commercial,2010
835,11460,SUV,Private,2010
836,9430,Minivan,Private,2013
837,11250,Pickup,Commercial,2019
838,4700,Sports Car,Private,2019
839,4600,Sports Car,Private,2015
840,15190,SUV,Private,2019
841,6250,Pickup,Commercial,2019
842,8810,SUV,Private,2010
843,25300,SUV,Private,2013
844,7920,SUV,Private,2013
845,13930,Minivan,Commercial,2010
846,5330,SUV,Private,2008
847,15080,SUV,Commercial,2010
848,9480,Pickup,Commercial,2019
849,5950,SUV,Commercial,2019
850,14070,SUV,Private,2013
851,10980,SUV,Commercial,2010
852,11440,Sports Car,Commercial,2012
853,8210,SUV,Private,2004
854,18820,SUV,Private,2007
855,13990,SUV,Commercial,2012
856,6570,SUV,Private,2015
857,10040,SUV,Private,2012
858,8910,Pickup,Commercial,2015
859,18260,Minivan,Private,2019
860,14500,SUV,Private,2014
861,17300,Van,Private,2015
862,2670,Minivan,Commercial,2012
863,5860,SUV,Private,2016
864,16490,Van,Commercial,2004
865,4500,Sports Car,Private,2014
866,21100,Van,Commercial,2012
867,4500,Pickup,Commercial,2009
868,16150,SUV,Private,2014
869,6030,Sports Car,Private,2014
870,11430,SUV,Private,2019
871,6970,Pickup,Private,2019
872,4800,Minivan,Private,2010
873,8090,Sports Car,Private,2019
874,15570,Minivan,Private,2011
875,12170,Pickup,Commercial,2012
876,26130,SUV,Private,2019
877,6000,Pickup,Private,2019
878,4200,Minivan,Private,2019
879,11910,Pickup,Commercial,2012
880,18970,Pickup,Private,2020
881,24100,Sports Car,Private,2019
882,13450,Minivan,Private,2019
883,14930,Minivan,Private,2002
884,4600,Pickup,Commercial,2017
885,3770,Minivan,Private,2010
886,4340,SUV,Private,2019
887,12900,Minivan,Private,2010
888,18390,Van,Private,2012
889,4670,SUV,Private,2020
890,5790,Sports Car,Private,2010
891,11440,SUV,Private,2019
892,23450,Panel Truck,Commercial,2019
893,16830,Pickup,Private,2019
894,4100,SUV,Private,2012
895,16050,Minivan,Private,2000
896,11120,SUV,Private,2020
897,5250,Pickup,Commercial,2012
898,10420,Pickup,Commercial,2012
899,10870,Pickup,Private,2006
900,32280,SUV,Private,2014
901,26030,Minivan,Private,2012
902,4300,Minivan,Commercial,2007
903,4500,Pickup,Commercial,2015
904,16090,Sports Car,Private,2001
905,7410,Pickup,Private,2013
906,18850,Van,Private,2019
907,26520,Sports Car,Private,2007
908,17830,Van,Private,2016
909,9490,Sports Car,Private,2005
910,19710,SUV,Private,2000
911,12420,Minivan,Private,2011
912,17590,SUV,Private,2013
913,13200,Minivan,Private,2014
914,2480,Sports Car,Private,2019
915,18040,Pickup,Private,2008
916,13520,SUV,Private,2019
917,11300,Pickup,Private,2012
918,14030,SUV,Private,2015
919,8670,SUV,Private,2020
920,7860,Pickup,Private,2019
921,15650,SUV,Commercial,2020
922,8270,Pickup,Commercial,2019
923,4000,Sports Car,Commercial,2019
924,16410,Van,Commercial,2019
925,6850,Pickup,Commercial,2013
926,4300,SUV,Private,2014
927,7530,Sports Car,Private,2019
928,9960,SUV,Private,2019
929,24670,Minivan,Private,2019
930,14930,SUV,Private,2013
931,16380,Minivan,Private,2009
932,4300,Minivan,Private,2015
933,10860,SUV,Private,2019
934,29580,Minivan,Private,2013
935,12250,Minivan,Commercial,2011
936,16150,Minivan,Private,2011
937,10470,SUV,Commercial,2011
938,12270,Minivan,Private,2019
939,15680,Minivan,Private,2009
940,8850,Pickup,Private,2012
941,10330,Pickup,Commercial,2019
942,7030,Pickup,Private,2011
943,9790,SUV,Private,2007
944,4700,SUV,Commercial,2009
945,15770,Minivan,Private,2019
946,13350,SUV,Private,2001
947,15920,Minivan,Commercial,2011
948,8140,Sports Car,Private,2010
949,6410,Pickup,Commercial,2019
950,7690,Pickup,Commercial,2004
951,17130,Minivan,Commercial,2019
952,4500,SUV,Private,2012
953,19660,SUV,Private,2007
954,12880,Minivan,Private,2016
955,20400,Van,Commercial,2012
956,22310,Minivan,Private,2019
957,1500,Sports Car,Private,2012
958,11530,SUV,Private,2020
959,6050,Pickup,Private,2019
960,21980,Minivan,Private,2005
961,13680,Minivan,Private,2019
962,14070,SUV,Commercial,2012
963,9610,Pickup,Commercial,2019
964,11470,SUV,Private,2012
965,7620,SUV,Private,2019
966,12380,Minivan,Private,2014
967,9970,SUV,Private,2020
968,14870,SUV,Commercial,2008
969,5280,SUV,Commercial,2019
970,15740,Minivan,Private,2000
971,33600,Panel Truck,Commercial,2013
972,23060,Panel Truck,Commercial,2014
973,16170,Minivan,Commercial,2019
974,16030,SUV,Commercial,2013
975,9250,SUV,Private,2014
976,21760,Minivan,Private,2003
977,3790,SUV,Private,2015
978,9170,Pickup,Private,2019
979,16550,Van,Private,2019
980,17370,Van,Private,2011
981,12010,SUV,Private,2019
982,21380,Van,Commercial,2013
983,11700,Pickup,Commercial,2013
984,9400,Minivan,Private,2014
985,13430,SUV,Private,2010
986,9100,SUV,Private,2019
987,16420,Minivan,Commercial,2010
988,4960,Pickup,Commercial,2012
989,25870,SUV,Private,2010
990,8960,Sports Car,Private,2019
991,33320,Panel Truck,Commercial,2017
992,13390,Pickup,Private,2012
993,17360,Pickup,Commercial,2019
994,4640,Sports Car,Private,2015
995,10320,Pickup,Private,2003
996,17200,Minivan,Commercial,2019
997,10070,Minivan,Commercial,2019
998,8720,Pickup,Commercial,2020
999,10840,SUV,Private,2003
1000,7410,Pickup,Commercial,2019